row,id,prompt,topic,label_json
0,Q10_Dep_0,Q10_Health Impact,Depression,[{'Axial_Category': 'Unknown Adult Experiences'}]
1,Q10_Dep_1,Q10_Health Impact,Depression,[{'Axial_Category': 'Feeling anxious during the pandemic'}]
2,Q10_Dep_2,Q10_Health Impact,Depression,[]
3,Q10_Obe_0,Q10_Health Impact,Obesity,[]
4,Q10_Obe_1,Q10_Health Impact,Obesity,[]
5,Q10_Obe_2,Q10_Health Impact,Obesity,[{'Axial_Category': 'Flu is not a Problem'}]
6,Q11_Dep_0,Q11_At-Risk Populations,Depression,[{'Axial_Category': 'Other Axial Categories'}]
7,Q11_Dep_1,Q11_At-Risk Populations,Depression,[{'Axial_Category': 'Teenagers'}]
8,Q11_Dep_2,Q11_At-Risk Populations,Depression,[{'Axial_Category': ''}]
9,Q11_Obe_0,Q11_At-Risk Populations,Obesity,[]
10,Q11_Obe_1,Q11_At-Risk Populations,Obesity,[{'Axial_Category': 'Elderly'}]
11,Q11_Obe_2,Q11_At-Risk Populations,Obesity,[]
12,Q12_Dep_0,Q12_Risk Factors,Depression,[{'Axial_Category': 'Childhood Risk Factors'}]
13,Q12_Dep_1,Q12_Risk Factors,Depression,"[{'Axial_Category': 'Family Issues'}, {'Axial_Category': 'Seeking Balance'}]"
14,Q12_Dep_2,Q12_Risk Factors,Depression,[{'Axial_Category': 'Being Socially Lonely'}]
15,Q12_Obe_0,Q12_Risk Factors,Obesity,[]
0,Q10_Dep_0,Q10_Health Impact,Depression,[]
1,Q10_Dep_1,Q10_Health Impact,Depression,[{'Axial_Category': 'Mental Health Impact'}]
2,Q10_Dep_2,Q10_Health Impact,Depression,[{'Axial_Category': 'Feeling mentally ill by nature of millennial characteristics'}]
3,Q10_Obe_0,Q10_Health Impact,Obesity,[{'Axial_Category': '[No Axial Category]'}]
4,Q10_Obe_1,Q10_Health Impact,Obesity,[{'Axial_Category': ''}]
5,Q10_Obe_2,Q10_Health Impact,Obesity,"[{'Axial_Category': 'Flu is a Community-Based Issue'}, {'Axial_Category': 'The Flu is Serious'}, {'Axial_Category': 'I am a Victim to the Flu'}, {'Axial_Category': 'Entitlement'}]"
6,Q11_Dep_0,Q11_At-Risk Populations,Depression,[{'Axial_Category': 'None'}]
7,Q11_Dep_1,Q11_At-Risk Populations,Depression,[{'Axial_Category': 'Affecting People of Any Generation'}]
8,Q11_Dep_2,Q11_At-Risk Populations,Depression,[]
9,Q11_Obe_0,Q11_At-Risk Populations,Obesity,"[{'Axial_Category': 'Screen and Devices'}, {'Axial_Category': 'Low Incomes'}, {'Axial_Category': 'Spanish Speaking'}, {'Axial_Category': 'Lower Income'}]"
10,Q11_Obe_1,Q11_At-Risk Populations,Obesity,[]
11,Q11_Obe_2,Q11_At-Risk Populations,Obesity,"[{'Axial_Category': 'No filter'}, {'Axial_Category': 'Lack of Income'}]"
12,Q12_Dep_0,Q12_Risk Factors,Depression,[{'Axial_Category': 'Being susceptible to Depression'}]
13,Q12_Dep_1,Q12_Risk Factors,Depression,[]
14,Q12_Dep_2,Q12_Risk Factors,Depression,[]
15,Q12_Obe_0,Q12_Risk Factors,Obesity,[{'Axial_Category': 'Believing they are ready to be set loose on accounts'}]
0,Q10_Dep_0,Q10_Health Impact,Depression,[]
1,Q10_Dep_1,Q10_Health Impact,Depression,[{'Axial_Category': 'COVID'}]
2,Q10_Dep_2,Q10_Health Impact,Depression,"[{'Axial_Category': 'Acknowledging that Millennials have more Mental Health issues'}, {'Axial_Category': 'Wanting to be part of a team to contribute'}, {'Axial_Category': 'Feeling a sense of entitlement'}]"
3,Q10_Obe_0,Q10_Health Impact,Obesity,[]
4,Q10_Obe_1,Q10_Health Impact,Obesity,[{'Axial_Category': '[CODE]'}]
5,Q10_Obe_2,Q10_Health Impact,Obesity,[{'Axial_Category': 'Discontent with the quality their college education.'}]
6,Q11_Dep_0,Q11_At-Risk Populations,Depression,"[{'Axial_Category': 'Vulnerable Populations'}, {'Axial_Category': 'At-Risk Populations'}, {'Axial_Category': 'Higher Risk'}, {'Axial_Category': 'Males More Likely'}, {'Axial_Category': 'Females More Likely'}, {'Axial_Category': 'More Loneliness'}, {'Axial_Category': 'Vulnerable Populations'}, {'Axial_Category': 'Difficult to Form Communities'}, {'Axial_Category': 'Changes to Life'}, {'Axial_Category': 'Minority Groups'}, {'Axial_Category': 'Difficult to Form Communities'}, {'Axial_Category': 'Changes to Life'}]"
7,Q11_Dep_1,Q11_At-Risk Populations,Depression,[]
8,Q11_Dep_2,Q11_At-Risk Populations,Depression,[]
9,Q11_Obe_0,Q11_At-Risk Populations,Obesity,[]
10,Q11_Obe_1,Q11_At-Risk Populations,Obesity,[{'Axial_Category': 'At Risk'}]
11,Q11_Obe_2,Q11_At-Risk Populations,Obesity,[{'Axial_Category': 'Poverty'}]
12,Q12_Dep_0,Q12_Risk Factors,Depression,[]
13,Q12_Dep_1,Q12_Risk Factors,Depression,[{'Axial_Category': 'Financial Instability'}]
14,Q12_Dep_2,Q12_Risk Factors,Depression,[]
15,Q12_Obe_0,Q12_Risk Factors,Obesity,[]
0,Q10_Dep_0,Q10_Health Impact,Depression,"[{'Axial_Category': 'Uncertainty of career choice'}, {'Axial_Category': 'Dissatisfied with training program'}]"
1,Q10_Dep_1,Q10_Health Impact,Depression,"[{'Axial_Category': 'Lack of awareness, miscommunication, and communication barriers'}, {'Axial_Category': 'Has Health Impact'}, {'Axial_Category': 'Depression is Prevalent in the Population'}, {'Axial_Category': 'People with Depression are Vulnerable to Suicide'}, {'Axial_Category': ""It's Difficult to Identify Flu Symptoms""}, {'Axial_Category': 'Depression Impacts People Who Have a Pre Existing History of Depression'}, {'Axial_Category': 'Not Talking or Unheard'}, {'Axial_Category': 'Long Standing Illness'}]"
2,Q10_Dep_2,Q10_Health Impact,Depression,"[{'Axial_Category': 'Increase in mental health issues'}, {'Axial_Category': 'Mental Health Awareness'}, {'Axial_Category': 'Impaired Concentration'}]"
3,Q10_Obe_0,Q10_Health Impact,Obesity,[]
4,Q10_Obe_1,Q10_Health Impact,Obesity,"[{'Axial_Category': 'Q10_Obesity'}, {'Axial_Category': 'Q10_Obesity'}]"
5,Q10_Obe_2,Q10_Health Impact,Obesity,[{'Axial_Category': 'Having a problem with flu at UVU'}]
6,Q11_Dep_0,Q11_At-Risk Populations,Depression,[{'Axial_Category': '<Label>'}]
7,Q11_Dep_1,Q11_At-Risk Populations,Depression,[]
8,Q11_Dep_2,Q11_At-Risk Populations,Depression,[]
9,Q11_Obe_0,Q11_At-Risk Populations,Obesity,[{'Axial_Category': 'Social and Economic Position'}]
10,Q11_Obe_1,Q11_At-Risk Populations,Obesity,[]
11,Q11_Obe_2,Q11_At-Risk Populations,Obesity,"[{'Axial_Category': 'Obese population'}, {'Axial_Category': 'Population lacking access to fresh food'}, {'Axial_Category': 'Lacking access to food'}, {'Axial_Category': 'Poor access to transportation as a barrier'}]"
12,Q12_Dep_0,Q12_Risk Factors,Depression,[]
13,Q12_Dep_1,Q12_Risk Factors,Depression,[{'Axial_Category': 'Feeling burdened by the stress of the economy'}]
14,Q12_Dep_2,Q12_Risk Factors,Depression,[{'Axial_Category': 'Negative Impact of COVID-19'}]
15,Q12_Obe_0,Q12_Risk Factors,Obesity,[{'Axial_Category': 'Not walking/biking enough due to the environment'}]
0,Q10_Dep_0,Q10_Health Impact,Depression,[]
1,Q10_Dep_1,Q10_Health Impact,Depression,[]
2,Q10_Dep_2,Q10_Health Impact,Depression,"[{'Axial_Category': 'Being aware of symptoms of mental health issues'}, {'Axial_Category': 'Possessing previous therapeutic experiences'}, {'Axial_Category': 'Impact to mental health'}, {'Axial_Category': 'Impaired concentration for some time being'}, {'Axial_Category': 'Acknowledging symptoms of mental well-being'}]"
3,Q10_Obe_0,Q10_Health Impact,Obesity,[{'Axial_Category': '<Category>'}]
4,Q10_Obe_1,Q10_Health Impact,Obesity,[]
5,Q10_Obe_2,Q10_Health Impact,Obesity,"[{'Axial_Category': ""The flu affects people's lives""}]"
6,Q11_Dep_0,Q11_At-Risk Populations,Depression,"[{'Axial_Category': 'Common Vulnerability, Regardless of Age'}]"
7,Q11_Dep_1,Q11_At-Risk Populations,Depression,[]
8,Q11_Dep_2,Q11_At-Risk Populations,Depression,[]
9,Q11_Obe_0,Q11_At-Risk Populations,Obesity,[]
10,Q11_Obe_1,Q11_At-Risk Populations,Obesity,[]
11,Q11_Obe_2,Q11_At-Risk Populations,Obesity,[{'Axial_Category': 'Poverty Related Factors'}]
12,Q12_Dep_0,Q12_Risk Factors,Depression,[]
13,Q12_Dep_1,Q12_Risk Factors,Depression,[]
14,Q12_Dep_2,Q12_Risk Factors,Depression,"[{'Axial_Category': 'Bad Environment'}, {'Axial_Category': 'Feeling Entitled'}]"
15,Q12_Obe_0,Q12_Risk Factors,Obesity,[{'Axial_Category': 'Weather and Commute Conditions'}]
0,Q10_Dep_0,Q10_Health Impact,Depression,[]
1,Q10_Dep_1,Q10_Health Impact,Depression,[{'Axial_Category': 'Mental illnesses'}]
2,Q10_Dep_2,Q10_Health Impact,Depression,[{'Axial_Category': 'Feeling like they have no time for activities that require mental energy'}]
3,Q10_Obe_0,Q10_Health Impact,Obesity,[{'Axial_Category': 'Family & Neighborhood Perception'}]
4,Q10_Obe_1,Q10_Health Impact,Obesity,[]
5,Q10_Obe_2,Q10_Health Impact,Obesity,[]
6,Q11_Dep_0,Q11_At-Risk Populations,Depression,"[{'Axial_Category': 'Minority Groups'}, {'Axial_Category': 'Difficult to Form Communities'}, {'Axial_Category': 'Vulnerable Populations'}, {'Axial_Category': 'Changes to Life'}, {'Axial_Category': 'No More Activities'}, {'Axial_Category': 'More Loneliness'}, {'Axial_Category': 'Missionaries'}, {'Axial_Category': 'Females More Likely'}, {'Axial_Category': 'Higher Risk'}, {'Axial_Category': 'At-Risk Populations'}, {'Axial_Category': 'But/However'}]"
7,Q11_Dep_1,Q11_At-Risk Populations,Depression,[]
8,Q11_Dep_2,Q11_At-Risk Populations,Depression,[]
9,Q11_Obe_0,Q11_At-Risk Populations,Obesity,[]
10,Q11_Obe_1,Q11_At-Risk Populations,Obesity,[]
11,Q11_Obe_2,Q11_At-Risk Populations,Obesity,[]
12,Q12_Dep_0,Q12_Risk Factors,Depression,[{'Axial_Category': 'Adverse Childhood Experience'}]
13,Q12_Dep_1,Q12_Risk Factors,Depression,"[{'Axial_Category': 'Economic Concerns (Affect On Purchasing Habits, Savings Rate, Future Plans)'}, {'Axial_Category': 'Lack of Connection and Lacking Job Skills for the Workforce'}]"
14,Q12_Dep_2,Q12_Risk Factors,Depression,[]
15,Q12_Obe_0,Q12_Risk Factors,Obesity,[]
0,Q10_Dep_0,Q10_Health Impact,Depression,[]
1,Q10_Dep_1,Q10_Health Impact,Depression,[{'Axial_Category': 'Being susceptible to depression impacts physical health'}]
2,Q10_Dep_2,Q10_Health Impact,Depression,[{'Axial_Category': 'Mental Health Impact'}]
3,Q10_Obe_0,Q10_Health Impact,Obesity,[{'Axial_Category': 'No area effects'}]
4,Q10_Obe_1,Q10_Health Impact,Obesity,[]
5,Q10_Obe_2,Q10_Health Impact,Obesity,"[{'Axial_Category': 'The Flu at UVU'}, {'Axial_Category': 'The Flu Shot and UVU'}]"
6,Q11_Dep_0,Q11_At-Risk Populations,Depression,[{'Axial_Category': 'Majority Groups'}]
7,Q11_Dep_1,Q11_At-Risk Populations,Depression,[]
8,Q11_Dep_2,Q11_At-Risk Populations,Depression,[]
9,Q11_Obe_0,Q11_At-Risk Populations,Obesity,[{'Axial_Category': 'Class and Diversity'}]
10,Q11_Obe_1,Q11_At-Risk Populations,Obesity,[]
11,Q11_Obe_2,Q11_At-Risk Populations,Obesity,"[{'Axial_Category': 'Obesity is not Gender Based'}, {'Axial_Category': 'Poverty Impacts Child Health'}, {'Axial_Category': 'Economic Means Impact Health'}]"
12,Q12_Dep_0,Q12_Risk Factors,Depression,[]
13,Q12_Dep_1,Q12_Risk Factors,Depression,[{'Axial_Category': 'Financial Concerns'}]
14,Q12_Dep_2,Q12_Risk Factors,Depression,"[{'Axial_Category': 'Believing that they are doing just fine on their own'}, {'Axial_Category': 'Thinking theyâ€™re above everyone else, but still asking for handouts'}]"
15,Q12_Obe_0,Q12_Risk Factors,Obesity,"[{'Axial_Category': 'Living in a less than ideal environment'}, {'Axial_Category': 'Young Adults lack work experience but crave experiential learning'}, {'Axial_Category': 'Needing external validation'}, {'Axial_Category': 'Lacking work experience, but feeling confident in abilities, especially compared to previous generations'}]"
0,Q10_Dep_0,Q10_Health Impact,Depression,[{'Axial_Category': 'Wanting experiential learning; constantly learning'}]
1,Q10_Dep_1,Q10_Health Impact,Depression,"[{'Axial_Category': 'Depression'}, {'Axial_Category': 'Flu Awareness'}, {'Axial_Category': 'Parents and Teenagers'}, {'Axial_Category': 'Receiving feedback'}]"
2,Q10_Dep_2,Q10_Health Impact,Depression,[]
3,Q10_Obe_0,Q10_Health Impact,Obesity,[{'Axial_Category': 'No Real World Experience'}]
4,Q10_Obe_1,Q10_Health Impact,Obesity,"[{'Axial_Category': 'Impacts on People that are Obese'}, {'Axial_Category': 'Believing they are ready to be set loose on accounts'}]"
5,Q10_Obe_2,Q10_Health Impact,Obesity,"[{'Axial_Category': 'Current State of Issues'}, {'Axial_Category': 'The Flu'}]"
6,Q11_Dep_0,Q11_At-Risk Populations,Depression,"[{'Axial_Category': 'Being an at-risk populatIon'}, {'Axial_Category': 'Being a female'}]"
7,Q11_Dep_1,Q11_At-Risk Populations,Depression,[]
8,Q11_Dep_2,Q11_At-Risk Populations,Depression,[{'Axial_Category': 'They do not understand or believe'}]
9,Q11_Obe_0,Q11_At-Risk Populations,Obesity,[]
10,Q11_Obe_1,Q11_At-Risk Populations,Obesity,[]
11,Q11_Obe_2,Q11_At-Risk Populations,Obesity,[]
12,Q12_Dep_0,Q12_Risk Factors,Depression,"[{'Axial_Category': 'Familial Risk'}, {'Axial_Category': 'Supply chain issues'}, {'Axial_Category': 'Q12 - Life Style Factors'}]"
13,Q12_Dep_1,Q12_Risk Factors,Depression,[]
14,Q12_Dep_2,Q12_Risk Factors,Depression,[{'Axial_Category': 'Social Isolation'}]
15,Q12_Obe_0,Q12_Risk Factors,Obesity,[]
16,Q12_Obe_1,Q12_Risk Factors,Obesity,[{'Axial_Category': 'Sedentary Lifestyle'}]
17,Q12_Obe_2,Q12_Risk Factors,Obesity,[{'Axial_Category': 'Lack of income and education'}]
18,Q13_Dep_0,Q13_Root Cause,Depression,"[{'Axial_Category': 'Lack of Professional Treatment'}, {'Axial_Category': 'Change in Environments'}, {'Axial_Category': 'A Lack of Community'}, {'Axial_Category': 'No Looking Out For Others'}, {'Axial_Category': 'Disparities in Community'}, {'Axial_Category': 'Competition among Younger Children'}, {'Axial_Category': 'Increased Access to Tech at an Early Age'}, {'Axial_Category': 'Lack of Supervision'}, {'Axial_Category': 'Increased Income Differences'}, {'Axial_Category': 'LDS Culture of Comparison'}, {'Axial_Category': 'Members of LDS Struggle to Measure up'}, {'Axial_Category': 'We see the perfectionism'}]"
19,Q13_Dep_1,Q13_Root Cause,Depression,[]
20,Q13_Dep_2,Q13_Root Cause,Depression,[{'Axial_Category': 'Society and People you Surround Yourself With'}]
21,Q13_Obe_0,Q13_Root Cause,Obesity,[]
22,Q13_Obe_1,Q13_Root Cause,Obesity,[]
23,Q13_Obe_2,Q13_Root Cause,Obesity,"[{'Axial_Category': 'Lack of Food Education Resources'}, {'Axial_Category': 'Lack of Access to Nutritional Food'}]"
24,Q14_Dep_0,Q14_Community Strengths,Depression,[]
25,Q14_Dep_1,Q14_Community Strengths,Depression,[]
26,Q14_Dep_2,Q14_Community Strengths,Depression,"[{'Axial_Category': 'Mental health resources that support mental well-being'}, {'Axial_Category': 'Community strength which combats depression'}, {'Axial_Category': 'Supportive communities'}, {'Axial_Category': 'Mentorship'}]"
27,Q14_Obe_0,Q14_Community Strengths,Obesity,[]
28,Q14_Obe_1,Q14_Community Strengths,Obesity,[{'Axial_Category': 'Age Concern/Health Concern'}]
29,Q14_Obe_2,Q14_Community Strengths,Obesity,[]
30,Q15_Dep_0,Q15_Resources,Depression,[]
31,Q15_Dep_1,Q15_Resources,Depression,[{'Axial_Category': 'Seeking emotional support'}]
16,Q12_Obe_1,Q12_Risk Factors,Obesity,[]
17,Q12_Obe_2,Q12_Risk Factors,Obesity,[{'Axial_Category': 'Lack of education on and access to healthy food and physical activity'}]
18,Q13_Dep_0,Q13_Root Cause,Depression,[]
19,Q13_Dep_1,Q13_Root Cause,Depression,"[{'Axial_Category': 'A Disease'}, {'Axial_Category': 'Seeking External Validation'}, {'Axial_Category': 'Entitlement'}]"
20,Q13_Dep_2,Q13_Root Cause,Depression,[{'Axial_Category': 'Surrounding and Associating with the right People'}]
21,Q13_Obe_0,Q13_Root Cause,Obesity,[{'Axial_Category': 'Social Isolation'}]
22,Q13_Obe_1,Q13_Root Cause,Obesity,"[{'Axial_Category': 'The social factors surrounding your environment'}, {'Axial_Category': 'Social/Economic'}, {'Axial_Category': 'Money/Financial'}, {'Axial_Category': 'The lack of time and resource'}, {'Axial_Category': 'Attitude'}, {'Axial_Category': 'Lack of Learning'}, {'Axial_Category': 'Hereditary'}, {'Axial_Category': 'Social'}, {'Axial_Category': 'Specific'}, {'Axial_Category': 'Economic'}, {'Axial_Category': 'Time'}, {'Axial_Category': 'Financial/Inflation'}, {'Axial_Category': 'Lack of knowledge'}]"
23,Q13_Obe_2,Q13_Root Cause,Obesity,[{'Axial_Category': 'Lack of Healthy Eating Habits'}]
24,Q14_Dep_0,Q14_Community Strengths,Depression,[{'Axial_Category': 'Asset: Access to Program'}]
25,Q14_Dep_1,Q14_Community Strengths,Depression,[]
26,Q14_Dep_2,Q14_Community Strengths,Depression,[{'Axial_Category': 'Training'}]
27,Q14_Obe_0,Q14_Community Strengths,Obesity,"[{'Axial_Category': 'Being in touch with their body and health'}, {'Axial_Category': 'Caring for their health'}, {'Axial_Category': 'Wanting a place for fun excercise'}]"
28,Q14_Obe_1,Q14_Community Strengths,Obesity,[]
29,Q14_Obe_2,Q14_Community Strengths,Obesity,[{'Axial_Category': 'Engaging in Marathon Activity'}]
30,Q15_Dep_0,Q15_Resources,Depression,[]
31,Q15_Dep_1,Q15_Resources,Depression,"[{'Axial_Category': 'Desiring a larger community, greater belonging'}]"
16,Q12_Obe_1,Q12_Risk Factors,Obesity,[{'Axial_Category': 'Lack of opportunities for physical activity within the community'}]
17,Q12_Obe_2,Q12_Risk Factors,Obesity,"[{'Axial_Category': 'Cost'}, {'Axial_Category': 'Income'}, {'Axial_Category': 'Cost vs. Lack of Access'}]"
18,Q13_Dep_0,Q13_Root Cause,Depression,[]
19,Q13_Dep_1,Q13_Root Cause,Depression,[]
20,Q13_Dep_2,Q13_Root Cause,Depression,"[{'Axial_Category': ""Cultural Factors: Parents have their children's best interests at heart in sending them to Mental Health Treatments, but these Treatments can actually hinder development and hinder their Mental Health.""}, {'Axial_Category': 'Social Impact: Society places much more importance on Mental Health than Parents'}, {'Axial_Category': ""Parental Influence: Social Media: Peer pressure, as well other impacts from social media, plays a large role in a person's choice and quality of friends.""}]"
21,Q13_Obe_0,Q13_Root Cause,Obesity,"[{'Axial_Category': 'Community, Culture, Education System'}]"
22,Q13_Obe_1,Q13_Root Cause,Obesity,[]
23,Q13_Obe_2,Q13_Root Cause,Obesity,[]
24,Q14_Dep_0,Q14_Community Strengths,Depression,[{'Axial_Category': 'Building upon their assets'}]
25,Q14_Dep_1,Q14_Community Strengths,Depression,"[{'Axial_Category': 'Belief Systems'}, {'Axial_Category': 'They are self-aware and ready to be set loose by firms on accounts'}]"
26,Q14_Dep_2,Q14_Community Strengths,Depression,[{'Axial_Category': 'Life coaches and acupuncture available'}]
27,Q14_Obe_0,Q14_Community Strengths,Obesity,[]
28,Q14_Obe_1,Q14_Community Strengths,Obesity,[{'Axial_Category': 'Positive Community Strengths'}]
29,Q14_Obe_2,Q14_Community Strengths,Obesity,[{'Axial_Category': 'Recreation In A Town'}]
30,Q15_Dep_0,Q15_Resources,Depression,"[{'Axial_Category': 'Lacking appropriate resources for coping or understanding'}, {'Axial_Category': 'Being constantly stressed, burnt-out, and overworked'}]"
31,Q15_Dep_1,Q15_Resources,Depression,[{'Axial_Category': ''}]
16,Q12_Obe_1,Q12_Risk Factors,Obesity,[{'Axial_Category': 'Individual Mindset: Low Activity'}]
17,Q12_Obe_2,Q12_Risk Factors,Obesity,"[{'Axial_Category': 'Lack of Resources and Healthcare'}, {'Axial_Category': 'Financial Poverty'}, {'Axial_Category': 'Money and Health Concerns'}, {'Axial_Category': 'The Need to Live a Healthy Life'}]"
18,Q13_Dep_0,Q13_Root Cause,Depression,[]
19,Q13_Dep_1,Q13_Root Cause,Depression,[{'Axial_Category': 'Biomedical Perspective of Mental Health'}]
20,Q13_Dep_2,Q13_Root Cause,Depression,[]
21,Q13_Obe_0,Q13_Root Cause,Obesity,[{'Axial_Category': 'Lack of Physical Activity'}]
22,Q13_Obe_1,Q13_Root Cause,Obesity,[]
23,Q13_Obe_2,Q13_Root Cause,Obesity,[]
24,Q14_Dep_0,Q14_Community Strengths,Depression,[]
25,Q14_Dep_1,Q14_Community Strengths,Depression,"[{'Axial_Category': ""A Person's Environment""}]"
26,Q14_Dep_2,Q14_Community Strengths,Depression,[{'Axial_Category': 'Community Connection Can Reduce Mental Illness'}]
27,Q14_Obe_0,Q14_Community Strengths,Obesity,[]
28,Q14_Obe_1,Q14_Community Strengths,Obesity,[{'Axial_Category': 'Access to Community Centers'}]
29,Q14_Obe_2,Q14_Community Strengths,Obesity,[{'Axial_Category': 'Recreational Spaces'}]
30,Q15_Dep_0,Q15_Resources,Depression,"[{'Axial_Category': 'Lack of resources'}, {'Axial_Category': 'Minimal impact'}]"
31,Q15_Dep_1,Q15_Resources,Depression,"[{'Axial_Category': 'Wanting and having issues accessing help'}, {'Axial_Category': 'Wanting and having issues accessing health insurance'}]"
16,Q12_Obe_1,Q12_Risk Factors,Obesity,[]
17,Q12_Obe_2,Q12_Risk Factors,Obesity,[]
18,Q13_Dep_0,Q13_Root Cause,Depression,[]
19,Q13_Dep_1,Q13_Root Cause,Depression,"[{'Axial_Category': 'Mental Health Treatment'}, {'Axial_Category': 'Drug Abuse Treatment'}, {'Axial_Category': 'Mental Illness Diagnosis'}]"
20,Q13_Dep_2,Q13_Root Cause,Depression,[]
21,Q13_Obe_0,Q13_Root Cause,Obesity,"[{'Axial_Category': ""People's desire for personal independence""}]"
22,Q13_Obe_1,Q13_Root Cause,Obesity,[]
23,Q13_Obe_2,Q13_Root Cause,Obesity,[{'Axial_Category': 'Lack of nutritional education'}]
24,Q14_Dep_0,Q14_Community Strengths,Depression,[]
25,Q14_Dep_1,Q14_Community Strengths,Depression,[]
26,Q14_Dep_2,Q14_Community Strengths,Depression,[{'Axial_Category': 'Identifying a community that can help'}]
27,Q14_Obe_0,Q14_Community Strengths,Obesity,"[{'Axial_Category': 'The Governor has been a long-term resource in keeping people healthy'}, {'Axial_Category': 'The Governor has not been a long-term resource in keeping people healthy'}, {'Axial_Category': 'Residents feel secure with the Governor on the Board, but are still skeptical around it'}, {'Axial_Category': 'Residents feel insecure with the Governor on the Board'}, {'Axial_Category': 'Residents feel secure with the Governor, and are grateful for it'}]"
28,Q14_Obe_1,Q14_Community Strengths,Obesity,[]
29,Q14_Obe_2,Q14_Community Strengths,Obesity,"[{'Axial_Category': 'Outdoor activities and parks are important to residents, but parks are underutilized'}]"
30,Q15_Dep_0,Q15_Resources,Depression,[{'Axial_Category': 'No Resources Mentioned'}]
31,Q15_Dep_1,Q15_Resources,Depression,"[{'Axial_Category': 'Social Issues'}, {'Axial_Category': 'Human Resources'}]"
16,Q12_Obe_1,Q12_Risk Factors,Obesity,[]
17,Q12_Obe_2,Q12_Risk Factors,Obesity,[{'Axial_Category': 'Social/Community Factors'}]
18,Q13_Dep_0,Q13_Root Cause,Depression,[]
19,Q13_Dep_1,Q13_Root Cause,Depression,[]
20,Q13_Dep_2,Q13_Root Cause,Depression,[]
21,Q13_Obe_0,Q13_Root Cause,Obesity,[{'Axial_Category': 'Lack of fitness in general.'}]
22,Q13_Obe_1,Q13_Root Cause,Obesity,[]
23,Q13_Obe_2,Q13_Root Cause,Obesity,[]
24,Q14_Dep_0,Q14_Community Strengths,Depression,"[{'Axial_Category': 'Finding Strengths and Opportunities'}, {'Axial_Category': 'Not yet ready for service'}, {'Axial_Category': 'A lack of work'}]"
25,Q14_Dep_1,Q14_Community Strengths,Depression,[]
26,Q14_Dep_2,Q14_Community Strengths,Depression,[]
27,Q14_Obe_0,Q14_Community Strengths,Obesity,[{'Axial_Category': 'Rec Centers and Gyms'}]
28,Q14_Obe_1,Q14_Community Strengths,Obesity,[]
29,Q14_Obe_2,Q14_Community Strengths,Obesity,[{'Axial_Category': 'Recreation and Parks'}]
30,Q15_Dep_0,Q15_Resources,Depression,[{'Axial_Category': 'Inaccurate or incomplete information'}]
31,Q15_Dep_1,Q15_Resources,Depression,[{'Axial_Category': 'Lack of Access to Care'}]
16,Q12_Obe_1,Q12_Risk Factors,Obesity,[]
17,Q12_Obe_2,Q12_Risk Factors,Obesity,"[{'Axial_Category': 'Increase the cost of Fast Food by improving local farming, food distribution, and nutrition education'}]"
18,Q13_Dep_0,Q13_Root Cause,Depression,[]
19,Q13_Dep_1,Q13_Root Cause,Depression,[]
20,Q13_Dep_2,Q13_Root Cause,Depression,"[{'Axial_Category': 'Surrounding People'}, {'Axial_Category': 'Learned Behaviors'}, {'Axial_Category': 'Culture'}, {'Axial_Category': 'Social Impact'}, {'Axial_Category': 'Affluence'}, {'Axial_Category': 'Family'}, {'Axial_Category': 'Family'}, {'Axial_Category': 'Family'}]"
21,Q13_Obe_0,Q13_Root Cause,Obesity,[{'Axial_Category': 'Mind Reading and Expectations for a Miracle Worker'}]
22,Q13_Obe_1,Q13_Root Cause,Obesity,[{'Axial_Category': 'Lack of Finances'}]
23,Q13_Obe_2,Q13_Root Cause,Obesity,"[{'Axial_Category': 'No Flu Vaccine Plan'}, {'Axial_Category': 'Food Documentary'}, {'Axial_Category': 'Health Class'}, {'Axial_Category': 'Took Health Course, Experienced Fitness Teachers'}]"
24,Q14_Dep_0,Q14_Community Strengths,Depression,"[{'Axial_Category': 'Service Utilization'}, {'Axial_Category': 'Transportation and Flexibility'}]"
25,Q14_Dep_1,Q14_Community Strengths,Depression,[{'Axial_Category': 'Beliefs about religion or resources available'}]
26,Q14_Dep_2,Q14_Community Strengths,Depression,[{'Axial_Category': 'Community Strength'}]
27,Q14_Obe_0,Q14_Community Strengths,Obesity,[]
28,Q14_Obe_1,Q14_Community Strengths,Obesity,[{'Axial_Category': 'Lack of community resources'}]
29,Q14_Obe_2,Q14_Community Strengths,Obesity,[{'Axial_Category': 'Trails in Town'}]
30,Q15_Dep_0,Q15_Resources,Depression,[{'Axial_Category': 'Not providing additional resources besides flu hotline'}]
31,Q15_Dep_1,Q15_Resources,Depression,"[{'Axial_Category': 'Unmet needs for Utahns'}, {'Axial_Category': 'Belief for readiness'}]"
16,Q12_Obe_1,Q12_Risk Factors,Obesity,"[{'Axial_Category': ''}, {'Axial_Category': 'Limited Use'}]"
17,Q12_Obe_2,Q12_Risk Factors,Obesity,"[{'Axial_Category': 'Inability to afford fresh food due to poverty'}, {'Axial_Category': 'See below'}]"
18,Q13_Dep_0,Q13_Root Cause,Depression,"[{'Axial_Category': 'LDS Millennials Struggle with Perfectionism'}, {'Axial_Category': 'Believing they are ready to be set loose on accounts'}, {'Axial_Category': 'Seeking external validation'}]"
19,Q13_Dep_1,Q13_Root Cause,Depression,"[{'Axial_Category': 'Blaming Depression solely on biological factors'}, {'Axial_Category': 'Seeking personal connections'}, {'Axial_Category': 'Overcoming overconfidence'}]"
20,Q13_Dep_2,Q13_Root Cause,Depression,[]
21,Q13_Obe_0,Q13_Root Cause,Obesity,"[{'Axial_Category': 'Lack of Physical Activity'}, {'Axial_Category': 'Not Getting Enough Exercise'}, {'Axial_Category': 'Societal and Environmental Factors'}, {'Axial_Category': 'Lack of Physical Education'}, {'Axial_Category': 'Education, Training and Motivation'}, {'Axial_Category': 'Unfairness'}, {'Axial_Category': 'Not Being Heard'}, {'Axial_Category': 'Public Transportation'}]"
22,Q13_Obe_1,Q13_Root Cause,Obesity,[{'Axial_Category': 'Parental Influence'}]
23,Q13_Obe_2,Q13_Root Cause,Obesity,[]
24,Q14_Dep_0,Q14_Community Strengths,Depression,[{'Axial_Category': 'Not Receiving Help'}]
25,Q14_Dep_1,Q14_Community Strengths,Depression,"[{'Axial_Category': 'Accessing Resources and Services'}, {'Axial_Category': 'Believing they are ready to be set loose on accounts'}]"
26,Q14_Dep_2,Q14_Community Strengths,Depression,[]
27,Q14_Obe_0,Q14_Community Strengths,Obesity,"[{'Axial_Category': 'Lacking physical fitness facilities'}, {'Axial_Category': 'Lacking support for healthy choices'}, {'Axial_Category': 'Not currently utilising local resources'}, {'Axial_Category': 'Needing a larger recreation center'}, {'Axial_Category': 'Needing stronger healthcare capabilities'}, {'Axial_Category': 'Needing more school based wellness programs'}, {'Axial_Category': 'Needing access to physical fitness facilities'}, {'Axial_Category': 'Not needing recreation centers because of access to VASA gyms'}, {'Axial_Category': 'Not needing to rely solely on the Rec Centers because of gym access to VASA'}]"
28,Q14_Obe_1,Q14_Community Strengths,Obesity,[{'Axial_Category': 'Believing they would have it better if lived in an ideal city that has all the programs they want'}]
29,Q14_Obe_2,Q14_Community Strengths,Obesity,[{'Axial_Category': 'Trails and Recreation'}]
30,Q15_Dep_0,Q15_Resources,Depression,[{'Axial_Category': 'No Specific Resources Mentioned'}]
31,Q15_Dep_1,Q15_Resources,Depression,"[{'Axial_Category': 'Utah'}, {'Axial_Category': 'Personal Skills'}, {'Axial_Category': 'Young People'}]"
32,Q15_Dep_2,Q15_Resources,Depression,[]
33,Q15_Obe_0,Q15_Resources,Obesity,[{'Axial_Category': 'Resources are the least used'}]
34,Q15_Obe_1,Q15_Resources,Obesity,[{'Axial_Category': 'Not knowing where to get accurate information'}]
35,Q15_Obe_2,Q15_Resources,Obesity,[{'Axial_Category': 'Not seeing a direct impact on obesity from current City-led policies and wanting tangible results'}]
36,Q16_Dep_0,Q16_Solutions,Depression,[{'Axial_Category': 'Code that encompasses the above.'}]
37,Q16_Dep_1,Q16_Solutions,Depression,[]
38,Q16_Dep_2,Q16_Solutions,Depression,[]
39,Q16_Obe_0,Q16_Solutions,Obesity,[{'Axial_Category': 'Healthy Living Changes'}]
40,Q16_Obe_1,Q16_Solutions,Obesity,[]
41,Q16_Obe_2,Q16_Solutions,Obesity,[]
42,Q17_Dep_0,Q17_Other Thoughts,Depression,"[{'Axial_Category': 'N/A'}, {'Axial_Category': 'N/A'}]"
43,Q17_Dep_1,Q17_Other Thoughts,Depression,"[{'Axial_Category': 'Students view Lehi differently than other cities?'}, {'Axial_Category': 'Students have different attitudes about their professional lives than teachers who have been in the workforce longer?'}]"
44,Q17_Dep_2,Q17_Other Thoughts,Depression,[]
45,Q17_Obe_0,Q17_Other Thoughts,Obesity,[{'Axial_Category': 'Love People for how much health contributes to positive mental health'}]
46,Q17_Obe_1,Q17_Other Thoughts,Obesity,[]
47,Q17_Obe_2,Q17_Other Thoughts,Obesity,[{'Axial_Category': ''}]
32,Q15_Dep_2,Q15_Resources,Depression,[{'Axial_Category': 'Attempting To Reach Out And Utilize Resources'}]
33,Q15_Obe_0,Q15_Resources,Obesity,"[{'Axial_Category': 'Awareness of Local Health Resources'}, {'Axial_Category': 'Aesthetics of Space'}]"
34,Q15_Obe_1,Q15_Resources,Obesity,[{'Axial_Category': 'None of the above'}]
35,Q15_Obe_2,Q15_Resources,Obesity,[{'Axial_Category': 'Having/Wanting/Expecting Physical Fitness and Recreation/Exercise Options Available'}]
36,Q16_Dep_0,Q16_Solutions,Depression,[]
37,Q16_Dep_1,Q16_Solutions,Depression,[{'Axial_Category': 'All solutions can be improved'}]
38,Q16_Dep_2,Q16_Solutions,Depression,[{'Axial_Category': ''}]
39,Q16_Obe_0,Q16_Solutions,Obesity,"[{'Axial_Category': 'Infrastructural Changes'}, {'Axial_Category': 'Community Interventions'}]"
40,Q16_Obe_1,Q16_Solutions,Obesity,[{'Axial_Category': 'Build Programs'}]
41,Q16_Obe_2,Q16_Solutions,Obesity,[]
42,Q17_Dep_0,Q17_Other Thoughts,Depression,[{'Axial_Category': 'Hawaii has a higher cost of living than Utah'}]
43,Q17_Dep_1,Q17_Other Thoughts,Depression,[{'Axial_Category': 'Mental Health'}]
44,Q17_Dep_2,Q17_Other Thoughts,Depression,[{'Axial_Category': 'Blank'}]
45,Q17_Obe_0,Q17_Other Thoughts,Obesity,[{'Axial_Category': 'Promoting health'}]
46,Q17_Obe_1,Q17_Other Thoughts,Obesity,[]
47,Q17_Obe_2,Q17_Other Thoughts,Obesity,[{'Axial_Category': 'User is not engaged in the conversation'}]
32,Q15_Dep_2,Q15_Resources,Depression,[]
33,Q15_Obe_0,Q15_Resources,Obesity,[]
34,Q15_Obe_1,Q15_Resources,Obesity,"[{'Axial_Category': 'No Clear Knowledge'}, {'Axial_Category': 'Seeking external validation'}]"
35,Q15_Obe_2,Q15_Resources,Obesity,[]
36,Q16_Dep_0,Q16_Solutions,Depression,[]
37,Q16_Dep_1,Q16_Solutions,Depression,[{'Axial_Category': 'Acknowledging a general need for solutions'}]
38,Q16_Dep_2,Q16_Solutions,Depression,[{'Axial_Category': 'Improvements Seen in Lehi'}]
39,Q16_Obe_0,Q16_Solutions,Obesity,[]
40,Q16_Obe_1,Q16_Solutions,Obesity,[{'Axial_Category': 'Code Label'}]
41,Q16_Obe_2,Q16_Solutions,Obesity,[{'Axial_Category': 'Encourage Healthy Eating'}]
42,Q17_Dep_0,Q17_Other Thoughts,Depression,[]
43,Q17_Dep_1,Q17_Other Thoughts,Depression,[{'Axial_Category': 'A general positive outlook'}]
44,Q17_Dep_2,Q17_Other Thoughts,Depression,[]
45,Q17_Obe_0,Q17_Other Thoughts,Obesity,"[{'Axial_Category': 'Health and Fitness'}, {'Axial_Category': 'Positive Effects on Health'}, {'Axial_Category': 'Poor Health in Community'}, {'Axial_Category': 'Other Health Issues in Community'}, {'Axial_Category': 'Government and Health'}, {'Axial_Category': 'Health and Personal Happiness'}, {'Axial_Category': 'Health and Others Health'}, {'Axial_Category': 'Public and Health'}, {'Axial_Category': 'Government and Health'}, {'Axial_Category': 'Fitness and Health'}]"
46,Q17_Obe_1,Q17_Other Thoughts,Obesity,[]
47,Q17_Obe_2,Q17_Other Thoughts,Obesity,"[{'Axial_Category': ''}, {'Axial_Category': 'Cost-based analysis'}]"
32,Q15_Dep_2,Q15_Resources,Depression,[]
33,Q15_Obe_0,Q15_Resources,Obesity,[]
34,Q15_Obe_1,Q15_Resources,Obesity,[{'Axial_Category': ''}]
35,Q15_Obe_2,Q15_Resources,Obesity,[{'Axial_Category': '[BLANK]'}]
36,Q16_Dep_0,Q16_Solutions,Depression,[{'Axial_Category': 'Personal Vulnerability'}]
37,Q16_Dep_1,Q16_Solutions,Depression,[]
38,Q16_Dep_2,Q16_Solutions,Depression,[]
39,Q16_Obe_0,Q16_Solutions,Obesity,[]
40,Q16_Obe_1,Q16_Solutions,Obesity,[]
41,Q16_Obe_2,Q16_Solutions,Obesity,[]
42,Q17_Dep_0,Q17_Other Thoughts,Depression,[]
43,Q17_Dep_1,Q17_Other Thoughts,Depression,[]
44,Q17_Dep_2,Q17_Other Thoughts,Depression,[]
45,Q17_Obe_0,Q17_Other Thoughts,Obesity,[{'Axial_Category': 'Support from Community and Business Support'}]
46,Q17_Obe_1,Q17_Other Thoughts,Obesity,[]
47,Q17_Obe_2,Q17_Other Thoughts,Obesity,"[{'Axial_Category': 'Uncategorized'}, {'Axial_Category': 'Not knowing what to do and feeling unprepared'}]"
32,Q15_Dep_2,Q15_Resources,Depression,[{'Axial_Category': 'Working to find themselves'}]
33,Q15_Obe_0,Q15_Resources,Obesity,[{'Axial_Category': 'Community'}]
34,Q15_Obe_1,Q15_Resources,Obesity,[{'Axial_Category': 'Ido not know'}]
35,Q15_Obe_2,Q15_Resources,Obesity,"[{'Axial_Category': 'N/A', 'Code_Level_Three': 'Impact', 'Code_Level_Two': 'Obesity', 'Code_Level_One': 'School'}, {'Axial_Category': 'New Highschool to provide gym, gym afterhours', 'Code_Level_Three': 'Facilities', 'Code_Level_Two': 'Park in Middle Payson', 'Code_Level_One': 'Park in Middle Payson'}]"
36,Q16_Dep_0,Q16_Solutions,Depression,[{'Axial_Category': 'Mental Health Services Available Today'}]
37,Q16_Dep_1,Q16_Solutions,Depression,[{'Axial_Category': 'Acknowledging that work is still needed in the area.'}]
38,Q16_Dep_2,Q16_Solutions,Depression,"[{'Axial_Category': 'Lack of experience'}, {'Axial_Category': 'Feel as though Utah is a new territory'}]"
39,Q16_Obe_0,Q16_Solutions,Obesity,[{'Axial_Category': ''}]
40,Q16_Obe_1,Q16_Solutions,Obesity,"[{'Axial_Category': 'Parents must take responsibility and Get Out & Do'}, {'Axial_Category': 'Parents Get More Involved'}]"
41,Q16_Obe_2,Q16_Solutions,Obesity,[{'Axial_Category': 'Increasing healthy food access and education'}]
42,Q17_Dep_0,Q17_Other Thoughts,Depression,[]
43,Q17_Dep_1,Q17_Other Thoughts,Depression,[]
44,Q17_Dep_2,Q17_Other Thoughts,Depression,[]
45,Q17_Obe_0,Q17_Other Thoughts,Obesity,"[{'Axial_Category': 'Concerned about health and personal health'}, {'Axial_Category': 'Believing they are ready to be set loose on accounts'}]"
46,Q17_Obe_1,Q17_Other Thoughts,Obesity,[{'Axial_Category': 'Community as Solution'}]
47,Q17_Obe_2,Q17_Other Thoughts,Obesity,[{'Axial_Category': 'General: Unknown'}]
32,Q15_Dep_2,Q15_Resources,Depression,[{'Axial_Category': 'Seeking mental health services'}]
33,Q15_Obe_0,Q15_Resources,Obesity,[]
34,Q15_Obe_1,Q15_Resources,Obesity,[]
35,Q15_Obe_2,Q15_Resources,Obesity,"[{'Axial_Category': 'Small Town Characteristics'}, {'Axial_Category': 'Axial Category 1'}, {'Axial_Category': 'Axial Category 2'}]"
36,Q16_Dep_0,Q16_Solutions,Depression,[]
37,Q16_Dep_1,Q16_Solutions,Depression,[{'Axial_Category': 'Need a better solution'}]
38,Q16_Dep_2,Q16_Solutions,Depression,[{'Axial_Category': 'Success in the Utah Valley'}]
39,Q16_Obe_0,Q16_Solutions,Obesity,"[{'Axial_Category': 'Improvements'}, {'Axial_Category': 'Improvements'}]"
40,Q16_Obe_1,Q16_Solutions,Obesity,[]
41,Q16_Obe_2,Q16_Solutions,Obesity,[{'Axial_Category': 'Community Intervention'}]
42,Q17_Dep_0,Q17_Other Thoughts,Depression,[{'Axial_Category': 'Lack of Exposure to Problem in Utah/Hawaii'}]
43,Q17_Dep_1,Q17_Other Thoughts,Depression,[]
44,Q17_Dep_2,Q17_Other Thoughts,Depression,[]
45,Q17_Obe_0,Q17_Other Thoughts,Obesity,"[{'Axial_Category': 'People Living in Payson, Utah, are Healthy, Happy and Want an Active and Lively Community'}]"
46,Q17_Obe_1,Q17_Other Thoughts,Obesity,[{'Axial_Category': '$The Axial Category to which a code belongs$'}]
47,Q17_Obe_2,Q17_Other Thoughts,Obesity,[{'Axial_Category': ''}]
32,Q15_Dep_2,Q15_Resources,Depression,[]
33,Q15_Obe_0,Q15_Resources,Obesity,[{'Axial_Category': 'Desire to be involved in something meaningful and purposeful for community by getting active with organizations and civic groups'}]
34,Q15_Obe_1,Q15_Resources,Obesity,[{'Axial_Category': 'Lacking Information'}]
35,Q15_Obe_2,Q15_Resources,Obesity,[{'Axial_Category': 'No real plans for physical activity or health education in Schools or Cities'}]
36,Q16_Dep_0,Q16_Solutions,Depression,[{'Axial_Category': 'Increasing Mental Health Education in Family Units'}]
37,Q16_Dep_1,Q16_Solutions,Depression,[]
38,Q16_Dep_2,Q16_Solutions,Depression,[]
39,Q16_Obe_0,Q16_Solutions,Obesity,[]
40,Q16_Obe_1,Q16_Solutions,Obesity,[{'Axial_Category': 'The Age of the Parents'}]
41,Q16_Obe_2,Q16_Solutions,Obesity,[{'Axial_Category': 'Lack of Education'}]
42,Q17_Dep_0,Q17_Other Thoughts,Depression,[{'Axial_Category': ''}]
43,Q17_Dep_1,Q17_Other Thoughts,Depression,[{'Axial_Category': 'Lehi Residents are Happy Overall'}]
44,Q17_Dep_2,Q17_Other Thoughts,Depression,[{'Axial_Category': 'Acknowledging the importance of social media in reaching the target audience?'}]
45,Q17_Obe_0,Q17_Other Thoughts,Obesity,"[{'Axial_Category': 'Love for Payson, Utah'}]"
46,Q17_Obe_1,Q17_Other Thoughts,Obesity,[]
47,Q17_Obe_2,Q17_Other Thoughts,Obesity,"[{'Axial_Category': '<No Axial Category Given For Codes>'}, {'Axial_Category': 'Believing they are ready to be set loose on accounts'}]"
32,Q15_Dep_2,Q15_Resources,Depression,[]
33,Q15_Obe_0,Q15_Resources,Obesity,[{'Axial_Category': 'Limited Knowledge of Existing Resources'}]
34,Q15_Obe_1,Q15_Resources,Obesity,[{'Axial_Category': 'Lack Public Options'}]
35,Q15_Obe_2,Q15_Resources,Obesity,[]
36,Q16_Dep_0,Q16_Solutions,Depression,[{'Axial_Category': 'Awareness of Personal Vulnerabilities'}]
37,Q16_Dep_1,Q16_Solutions,Depression,[{'Axial_Category': 'More funding for the system'}]
38,Q16_Dep_2,Q16_Solutions,Depression,[{'Axial_Category': 'Lehi: Improvements Seen Through Lehi City'}]
39,Q16_Obe_0,Q16_Solutions,Obesity,[{'Axial_Category': 'Preserving Health and Quality of Life'}]
40,Q16_Obe_1,Q16_Solutions,Obesity,[{'Axial_Category': 'Q16_Solutions'}]
41,Q16_Obe_2,Q16_Solutions,Obesity,"[{'Axial_Category': 'Access to Healthy Food'}, {'Axial_Category': 'Seeing Schools as Imprisonment'}]"
42,Q17_Dep_0,Q17_Other Thoughts,Depression,[]
43,Q17_Dep_1,Q17_Other Thoughts,Depression,[{'Axial_Category': 'Overall positive about lehi '}]
44,Q17_Dep_2,Q17_Other Thoughts,Depression,"[{'Axial_Category': 'Sharing of perspectives on the issues'}, {'Axial_Category': 'Sharing of perspectives on the issues'}]"
45,Q17_Obe_0,Q17_Other Thoughts,Obesity,[{'Axial_Category': 'Good Quality Life'}]
46,Q17_Obe_1,Q17_Other Thoughts,Obesity,[]
47,Q17_Obe_2,Q17_Other Thoughts,Obesity,"[{'Axial_Category': '(Blank)'}, {'Axial_Category': '(Blank)'}]"
